[{"p":14,"t":"Imysgl> Select * from BOOK_LENDING;\n4\n| Book_id | Branch_id | Card_No | Date_Out | Due_Date |\nEE\n« « 101 | 2017-01-10 | 2017-01-24 |\nyl yl 101 | 2017-02-01 | 2017-02-15 |\n3 | 0, | 101 | 2017-03-05 | 2017-03-19 |\n7 EG | 101 | 2017-05-10 | 2017-05-24 |\n5 | 28 102 | 2017-01-15 | 2017-01-29 |\n6 | « 102 | 2017-02-10 | 2017-02-24 |\n« yl 102 | 2017-03-01 | 2017-03-15 |\n3 | 3 | 102 | 2017-04-10 | 2017-04-24 |\n7 | « 102 | 2017-06-01 | 2017-06-15 |\n4 | 0, | 103 | 2017-01-20 | 2017-02-03 |\n| 5 | 2 | 103 | 2017-03-01 | 2017-03-15 |\nEE a a\n11 rows in set (0.00 sec)\n"},{"p":1,"t":"- pr\npp.\nty = ae\ni EEE,\nof: SUES BE\nFa SE.\nar : . BR\nfeof 4 Te\nwr 1. \"TE\nra PR\nCL. . . 9 [a —\na . a\nBS N gaan -\nfo 3 3 . hy Ph Ea i is\n~ LL ASE 8\nE i AE Ji,\nBE “oo i\nee FL Be\nBR - Sas os\nhp. Ce Hy < oe E EY\n. et imme pr 3 os »\nEl aa 3 |\nLE TN : . LN . De\nEr. Gan E - » Ea\nGa » oR Li.\nEE : Be) a.\nad aa 3 A 3 “ Lo\n3 [4 i . J : - Ne . 4 I rr\noa Fe : RY a\na. a - rs\nPa i y 2 J on \" ® \\ : » Sid\na _. Ey\n_— any — : a \" S 3 Jaa.\n~ Lod . 1 Re Te.\nB Vert 3 . . ¢ 1% wl -\n: TS ; Oe\ny To EN poi\na og a aa 4 INET EEN pra\nRae EN g Bk:\n—_ ’ _ ,\n"},{"p":13,"t":"mysql> Select x from LIBRARY_BRANCH;\naaa\n| Branch_id | Branch_Name | Address\n\na aa\n1 | Central Library | Main Street, New York |\n| 2 | East Side Branch | East Avenue, New York |\n| 3 | West Side Branch | West Avenue, New York |\na a EE\n3 rows in set (0.00 sec)\n"},{"p":12,"t":"[mysql> Select * from BOOK_COPIES;\nEL\n| Book_id | Branch_id | No_of_Copies |\nHL\niL iL 5 |\n(a 2 3 |\n(a 3 | 4 |\n2 | 1] 6 |\n2 | 2 | 2 |\n2 | 3 | iL\n3 | (a 7 |\n3 | 2 | 8 |\n3 | 3 | 5 |\n4 | 1 | 4 |\n4 | 2 | 5 |\n4 | 3 | 6 |\n5 | 1] 10 |\n5 | 2 | 2 |\n5 | 3 | a\n6 | iL 3 |\n6 | 28 5 |\n6 | 3 | 28\nHL\n18 rows in set (0.00 sec)\n"},{"p":11,"t":"Imysgl> Select * from PUBLISHER;\n\na ara\n| Name | Address | Phone |\nFm\n| Charles Scribner's Sons | 597 Fifth Avenue, New York | 212-555-2100 |\n| Harper & Brothers | 195 Broadway, New York | 212-207-7700 |\n| HarperCollins | 195 Broadway, New York | 212-207-7000 |\n| Little, Brown and Company | Harvard Street, Boston | 617-536-4427 |\n| Secker & Warburg | 20 Vauxhall Bridge Road, London | 020-7762-2300 |\n| T. Egerton | Whitcomb Street, London | ©20-7872-8500 |\nFe\n6 rows in set (0.00 sec)\n"},{"p":10,"t":"mysql> SELECT x FROM BOOK_AUTHORS;\nats Se\n| Book_id | Author_Name |\nats Se\n| 1 | Harper Lee |\n2 | George Orwell\n| 3 | Jane Austen |\n| 4 | F. Scott Fitzgerald |\n| 5 | Herman Melville |\n6 | J.D. Salinger |\nats Se\n6 rows in set (0.00 sec)\n"},{"p":9,"t":"mysql> SELECT * FROM BOOK;\n\nmm\n| Book_id | Title | Publisher_Name | Pub_Year |\nat as\n| 1 | To Kill a Mockingbird | HarperCollins 1960 |\n| 2 | 1984 | Secker & Warburg | 1949 |\n| 3 | Pride and Prejudice | T. Egerton 1813 |\n4 | The Great Gatsby | Charles Scribner's Sons 1925 |\n| 5 | Moby Dick | Harper & Brothers | 1851 |\n6 | The Catcher in the Rye | Little, Brown and Company | 1951 |\nmm\n6 rows in set (0.00 sec)\n"},{"p":8,"t":"CREATE TABLE BOOK LENDING ( Book _id INT, Branch_id INT, Card No INT, Date Out\nDATE, Due_Date DATE, FOREIGN KEY (Book id) REFERENCES BOOK (Book id),\nFOREIGN KEY (Branch_id) REFERENCES LIBRARY BRANCH(Branch_id) );\n\nINSERT INTO BOOK LENDING (Book _id, Branch _id, Card_No, Date_Out, Due_Date)\nVALUES (1, 1, 101, '2017-01-10', 2017-01-24\"), (2,2, 101, '2017-02-01', 2017-02-15\", (3, 1,\n101, '2017-03-05', '2017-03-19\"), (4, 3, 101, '2017-05-10', 2017-05-24\"), (5, 2, 102, 2017-01-15\",\n2017-01-29\", (6, 1, 102, 2017-02-10\", '2017-02-24\", (1, 2, 102, '2017-03-01', 2017-03-15\"), (3,\n3, 102, 2017-04-10\", '2017-04-24\", (2, 1, 102, 2017-06-01\", 2017-06-15\"), (4, 1, 103, '2017-01-\n20', 2017-02-03\", (5, 2, 103, 2017-03-01\", '2017-03-15\");\n\nCREATE TABLE LIBRARY BRANCH ( Branch_id INT PRIMARY KEY, Branch Name\nVARCHAR(100), Address VARCHAR(100) );\n\nINSERT INTO LIBRARY BRANCH (Branch. id, Branch Name, Address) VALUES (1,\n'Central Library', 'Main Street, New York\"), (2, 'East Side Branch', 'East Avenue, New York\"), (3,\n\"West Side Branch’, \"West Avenue, New York\");\n"},{"p":7,"t":"CREATE TABLE PUBLISHER (Name VARCHAR (100) PRIMARY KEY, Address VARCHAR\n(100), Phone VARCHAR(15) );\n\nINSERT INTO PUBLISHER (Name, Address, Phone) VALUES ('HarperCollins', '195\nBroadway, New York’, '212-207-7000\"), (\"Secker & Warburg', 20 Vauxhall Bridge Road,\nLondon, '020-7762-2300\"), ('T. Egerton’, \"Whitcomb Street, London’, '020-7872-8500\"), (‘Charles\nScribner’s Sons', '597 Fifth Avenue, New York’, '212-555-2100\"), (‘Harper & Brothers', '195\nBroadway, New York', 212-207-7700\"), ('Little, Brown and Company’, \"Harvard Street, Boston',\n'617-536-4427\");\n\nCREATE TABLE BOOK COPIES (Book_id INT, Branch_id INT, No_of Copies INT,\nFOREIGN KEY (Book id) REFERENCES BOOK (Book id) );\n\nINSERT INTO BOOK_COPIES (Book id, Branch_id, No_of Copies) VALUES (1, 1, 5), (1, 2,\n3).(1,3,4, 2, 1,6), (2,2,2), 2,3, 1,3, 1,7), (3,2, 8), 3,3,5), (4, 1,4), (4,2, 5), (4,3, 6),\n(5,1,10),(5,2,2),(5,3,7), (6, 1, 3), (6, 2, 5), (6, 3, 2);\n"},{"p":6,"t":"Library database:\n\nCREATE TABLE BOOK (Book _id INT PRIMARY KEY, Title VARCHAR (100),\nPublisher Name VARCHAR (100), Pub_Year INT);\n\nINSERT INTO BOOK (Book id, Title, Publisher Name, Pub_Year) VALUES (1, 'To Kill a\nMockingbird’, 'HarperCollins', 1960), (2, '1984\", 'Secker & Warburg’, 1949), (3, 'Pride and\nPrejudice’, 'T. Egerton’, 1813), (4, 'The Great Gatsby’, 'Charles Scribner’s Sons', 1925), (5, 'Moby\nDick’, \"Harper & Brothers', 1851), (6, 'The Catcher in the Rye', 'Little, Brown and Company’,\n1951);\n\nCREATE TABLE BOOK AUTHORS (Book_id INT, Author Name VARCHAR (100),\nFOREIGN KEY (Book _id) REFERENCES BOOK (Book _id));\n\nINSERT INTO BOOK AUTHORS (Book _id, Author Name) VALUES (1, 'Harper Lee\"), (2,\n'George Orwell\"), (3, 'Jane Austen\"), (4, 'F. Scott Fitzgerald), (5, \"Herman Melville'), (6, 'J.D.\nSalinger);\n"},{"p":5,"t":"[mysql> CREATE DATABASE LibraryDB;\nQuery OK, 1 row affected (0.02 sec)\n[mysql> USE LibraryDB;\n\nDatabase changed\n"},{"p":4,"t":"Lab Component:\n(Swe [Problem Sttement |\n1. A. Consider the following schema for a Library Database:\n\nBOOK (Book id, Title, Publisher Name, Pub Year) BOOK_AUTHORS\n(Book id, Author Name) PUBLISHER (Name, Address, Phone)\nBOOK_COPIES (Book id, Branch id, No-of Copies) BOOK_LENDING\n(Book id, Branch id, Card No, Date Out, Due Date)\nLIBRARY_BRANCH (Branch _id, Branch Name, Address)\nWrite SQL queries to\n\n1.| Retrieve details of all books in the library — id, title, name of publisher,\nauthors, number of copies in each branch, etc\n\n2.| Get the particulars of borrowers who have borrowed more than 3 books, but\nfrom Jan 2017 to Jun 2017\n\n3.| Delete a book in the BOOK table. Update the contents of other tables to\nreflect this data manipulation operation.\n\n4.| Partition the BOOK table based on year of publication. Demonstrate its\nworking with a simple query.\n\n5.1 Create a view of all books and its number of copies that are currently\navailable in the Library.\n"},{"p":3,"t":""},{"p":2,"t":"SS\n"}]